0.000000,-1,-1,-1,-1,-1,-1,-1,-1,-1,-1,-1,-1,-1,-1,-1,-1,-1,-1,-1,-1,-1,-1,-1,-1,-1,-1,-1,-1,-1,-1,-1,-1,-1,-1,-1,-1,-1,-1,-1,-1,-1,-1,-1,-1,-1,-1,-1,-1,-1,-1,-1,-1,-1,-1,-1,-1,-1,-1,-1,-1,-1,-1,-1,-1,-1,-1,-1,-1,-1,-1,-1,-1,-1,-1,-1,-1,-1,-1,-1,-1,-1,-1,-1,-1,-1,-1,-1,-1,-1,-1,-1,-1,-1,-1,-1,-1,-1,-1,-1,-1,-1,-1,-1,-1,-1,-1,-1,-1,-1,-1,-1,-1,-1,-1,-1,-1,-1,-1,-1,-1,-1,-1,-1,-1,-1,-1,-1,-1,-1,-1,-1,-1,-1,-1,-1,-1,-1,-1,-1,-1,-1,-1,-1,-1,-1,-1,-1,-1,-1,-1,-1,-1,-1,-1,-1,-1,-1,-1,-1,-1,-1,-1,-1,-1,-1,-1,-1,-1,-1,-1,-1,-1,-1,-1,-1,-1,-1,-1,-1,-1,-1,-1,-1,-1,-1,-1,-1,-1,-1,-1,-1,-1,-1,-1,-1,-1,-1,-1,-1,-1,-1,-1,-1,-1,-1,-1,-1,-1,-1,-1,-1,-1,-1,-1,-1,-1,-1,-1,-1,-1,-1,-1,-1,-1,-1,-1,-1,-1,-1,-1,-1,-1,-1,-1,-1,-1,-1,-1,-1,-1
1.124859,-1,-1,-1,-1,-1,-1,-1,-1,-1,-1,-1,-1,-1,-1,-1,-1,-1,-1,-1,-1,-1,-1,-1,-1,-1,-1,-1,-1,-1,-1,-1,-1,-1,-1,-1,-1,-1,-1,-1,-1,-1,-1,-1,-1,-1,301,301,302,302,302,301,301,300,301,301,302,302,302,301,302,302,302,302,302,302,302,302,302,302,301,302,302,302,302,303,303,303,303,303,303,303,303,303,303,303,304,-1,-1,-1,-1,-1,-1,-1,-1,-1,-1,-1,-1,-1,-1,-1,-1,-1,-1,-1,-1,-1,-1,-1,-1,-1,-1,-1,-1,-1,-1,-1,-1,-1,-1,-1,-1,-1,-1,-1,-1,-1,-1,-1,-1,-1,-1,-1,-1,-1,-1,-1,-1,-1,-1,-1,-1,-1,-1,-1,-1,-1,-1,-1,-1,-1,-1,-1,-1,-1,-1,-1,-1,-1,-1,-1,-1,-1,-1,-1,-1,-1,-1,-1,-1,-1,-1,-1,-1,-1,-1,-1,-1,-1,-1,-1,-1,-1,-1,-1,-1,-1,-1,-1,-1,-1,-1,-1,-1,-1,-1,-1,-1,-1,-1,-1,-1,-1,-1,-1,-1,-1,-1,-1,-1,-1,-1,-1,-1,-1,-1,-1,-1,-1,-1,-1,-1,-1,-1,-1,-1,-1,-1,-1,-1,-1,-1,-1,-1,-1,-1,-1,-1,-1,-1
2.249719,-1,-1,-1,-1,-1,-1,-1,-1,-1,-1,-1,-1,-1,-1,-1,-1,-1,-1,-1,-1,-1,-1,-1,-1,-1,-1,-1,-1,-1,-1,-1,-1,-1,-1,-1,-1,-1,-1,-1,-1,-1,-1,-1,-1,-1,-1,300,301,301,301,301,301,303,302,301,301,302,302,301,301,301,301,301,301,302,301,302,304,302,302,302,302,302,302,303,303,303,304,303,304,303,304,304,304,303,303,303,304,304,305,304,304,304,305,306,305,306,305,306,306,306,307,307,306,307,307,307,307,307,-1,-1,-1,-1,-1,-1,-1,-1,-1,-1,-1,-1,-1,-1,-1,-1,-1,-1,-1,-1,-1,-1,-1,-1,-1,-1,-1,-1,-1,-1,-1,-1,-1,-1,-1,-1,-1,-1,-1,-1,-1,-1,-1,-1,-1,-1,-1,-1,-1,-1,-1,-1,-1,-1,-1,-1,-1,-1,-1,-1,-1,-1,-1,-1,-1,-1,-1,-1,-1,-1,-1,-1,-1,-1,-1,-1,-1,-1,-1,-1,-1,-1,-1,-1,-1,-1,-1,-1,-1,-1,-1,-1,-1,-1,-1,-1,-1,-1,-1,-1,-1,-1,-1,-1,-1,-1,-1,-1,-1,-1,-1,-1,-1,-1,-1,-1,-1,-1,-1,-1,-1,-1,-1,-1,-1,-1,-1,-1,-1,-1,-1
3.374578,-1,-1,-1,-1,-1,-1,-1,-1,-1,-1,-1,-1,-1,-1,-1,-1,-1,-1,-1,-1,-1,-1,-1,-1,-1,-1,-1,-1,-1,-1,-1,-1,-1,-1,-1,-1,-1,-1,-1,-1,-1,-1,-1,-1,-1,-1,-1,301,300,300,300,300,300,300,300,301,301,301,302,301,302,302,302,301,304,302,302,302,302,302,302,302,303,303,303,303,303,303,305,305,304,303,303,303,303,303,303,303,303,303,304,304,304,304,305,304,305,305,306,306,306,306,306,306,306,307,307,307,308,307,308,307,308,307,308,308,307,308,308,308,307,308,308,309,308,309,308,307,307,308,306,307,307,307,306,306,306,306,306,306,306,306,306,306,306,306,306,306,306,306,305,305,305,305,-1,-1,-1,-1,-1,-1,-1,-1,-1,-1,-1,-1,-1,-1,-1,-1,-1,-1,-1,-1,-1,-1,-1,-1,-1,-1,-1,-1,-1,-1,-1,-1,-1,-1,-1,-1,-1,-1,-1,-1,-1,-1,-1,-1,-1,-1,-1,-1,-1,-1,-1,-1,-1,-1,-1,-1,-1,-1,-1,-1,-1,-1,-1,-1,-1,-1,-1,-1,-1,-1,-1,-1,-1,-1,-1,-1,-1,-1,-1,-1,-1,-1,-1,-1,-1,-1
4.499437,-1,-1,-1,-1,-1,-1,-1,-1,-1,-1,-1,-1,-1,-1,-1,-1,-1,-1,-1,-1,-1,-1,-1,-1,-1,-1,-1,-1,-1,-1,-1,-1,-1,-1,-1,-1,-1,-1,-1,-1,-1,-1,-1,-1,-1,-1,-1,-1,-1,300,300,300,300,300,300,300,300,300,301,300,301,301,301,302,302,302,302,302,301,302,302,303,303,303,305,305,305,304,303,303,303,303,303,303,303,303,303,303,303,303,303,303,305,304,305,305,305,305,305,305,305,306,305,306,306,306,306,306,306,306,306,306,308,305,307,306,306,306,307,306,307,306,307,306,306,307,306,307,306,307,307,306,307,306,306,306,306,306,306,306,306,306,305,307,306,307,305,306,305,305,306,305,305,305,305,305,305,305,304,305,305,305,305,305,305,-1,-1,-1,-1,-1,-1,-1,-1,-1,-1,-1,-1,-1,-1,-1,-1,-1,-1,-1,-1,-1,-1,-1,-1,-1,-1,-1,-1,-1,-1,-1,-1,-1,-1,-1,-1,-1,-1,-1,-1,-1,-1,-1,-1,-1,-1,-1,-1,-1,-1,-1,-1,-1,-1,-1,-1,-1,-1,-1,-1,-1,-1,-1,-1,-1,-1,-1,-1,-1,-1,-1,-1,-1,-1,-1
5.624297,-1,-1,-1,-1,-1,-1,-1,-1,-1,-1,-1,-1,-1,-1,-1,-1,-1,-1,-1,-1,-1,-1,-1,-1,-1,-1,-1,-1,-1,-1,-1,-1,-1,-1,-1,-1,-1,-1,-1,-1,-1,-1,298,-1,-1,-1,-1,-1,-1,-1,299,299,299,299,299,300,300,299,300,300,300,300,301,301,301,301,301,302,302,302,302,302,302,302,303,302,302,305,303,303,303,303,303,303,303,303,303,303,303,303,303,304,304,304,306,304,305,305,305,306,305,306,306,305,305,305,305,306,305,308,305,305,305,304,305,305,305,305,306,305,306,306,305,306,306,306,307,306,306,306,306,306,306,306,306,306,305,305,305,305,305,305,305,305,305,305,305,305,305,305,304,305,305,304,304,305,305,305,305,305,305,305,305,305,305,304,306,304,305,306,305,-1,-1,-1,-1,-1,-1,-1,-1,-1,-1,-1,-1,-1,-1,-1,-1,-1,-1,-1,-1,-1,-1,-1,-1,-1,-1,-1,-1,-1,-1,-1,-1,-1,-1,-1,-1,-1,-1,-1,-1,-1,-1,-1,-1,-1,-1,-1,-1,-1,-1,-1,-1,-1,-1,-1,-1,-1,-1,-1,-1,-1,-1,-1,-1,-1,-1,-1,-1,-1
6.749156,-1,-1,-1,-1,-1,-1,-1,-1,-1,-1,-1,-1,-1,-1,-1,-1,-1,-1,-1,-1,-1,-1,-1,-1,-1,-1,-1,-1,-1,-1,-1,-1,-1,-1,-1,-1,-1,-1,-1,-1,-1,-1,-1,-1,-1,-1,-1,-1,-1,-1,-1,-1,299,298,298,298,299,299,299,300,300,299,300,300,300,300,300,301,301,301,301,302,302,301,301,302,301,301,302,302,303,303,303,303,303,303,303,303,303,304,304,304,304,304,304,304,304,304,305,305,305,306,305,305,305,306,306,305,305,306,306,306,305,305,306,306,306,306,306,306,306,306,306,306,306,306,307,306,305,306,305,305,306,305,304,304,304,304,304,304,305,304,304,304,304,304,303,304,304,304,304,305,304,304,304,304,304,304,304,304,304,304,304,305,304,305,304,304,304,305,307,304,305,306,305,305,305,305,-1,-1,-1,-1,298,297,297,-1,-1,297,297,298,298,298,297,297,297,-1,297,297,297,-1,-1,-1,-1,-1,-1,-1,-1,-1,-1,-1,-1,-1,-1,-1,-1,-1,-1,-1,-1,-1,-1,-1,-1,-1,-1,-1,-1,-1,-1,-1,-1,-1,-1,-1,-1,-1,-1,-1,-1,-1
7.874016,-1,-1,-1,-1,-1,-1,-1,-1,-1,-1,-1,-1,-1,-1,-1,-1,-1,-1,-1,-1,-1,-1,-1,-1,-1,-1,-1,-1,-1,-1,-1,-1,-1,-1,-1,-1,-1,-1,-1,-1,-1,-1,-1,-1,-1,-1,-1,-1,-1,-1,-1,-1,-1,-1,299,299,298,298,298,298,298,299,299,299,299,299,299,300,300,300,300,300,300,301,300,301,301,301,302,302,301,301,302,301,303,303,303,303,303,303,303,303,304,303,303,303,303,303,306,303,306,306,304,304,305,305,305,305,305,305,306,305,307,305,305,305,305,306,305,305,306,305,305,305,305,305,305,305,305,304,304,304,304,304,303,303,304,303,303,303,302,302,303,302,302,303,302,303,303,303,303,303,303,303,303,303,303,304,304,303,304,305,304,305,304,304,304,304,304,304,304,304,304,305,304,305,304,305,306,304,305,296,296,296,296,296,297,296,297,297,297,297,297,297,297,297,298,297,297,297,297,297,297,298,297,297,297,297,297,297,297,297,297,297,297,297,297,297,296,296,-1,-1,-1,-1,-1,-1,-1,-1,-1,-1,-1,-1,-1,-1,-1,-1,-1,-1,-1,-1
8.998875,-1,-1,-1,-1,-1,-1,-1,-1,-1,-1,-1,-1,-1,-1,-1,-1,-1,-1,-1,-1,-1,-1,-1,-1,-1,-1,-1,-1,-1,-1,-1,-1,-1,-1,-1,-1,-1,-1,-1,-1,-1,-1,-1,-1,-1,-1,-1,-1,-1,-1,-1,-1,-1,-1,-1,-1,-1,298,298,297,298,298,298,298,298,298,298,298,297,299,300,299,299,300,301,299,300,300,300,300,300,300,301,301,301,302,303,302,301,302,302,302,302,302,303,302,303,302,303,303,304,304,304,303,304,303,304,304,304,303,303,304,304,303,304,304,304,305,304,304,304,304,304,305,304,304,304,304,303,303,303,302,303,302,302,302,302,302,302,302,301,300,301,301,302,301,302,302,302,302,302,302,303,302,303,302,303,303,303,303,303,303,303,304,303,304,304,303,304,304,303,304,304,304,303,304,304,304,304,304,304,304,295,295,295,295,295,295,295,295,-1,295,295,295,296,296,296,296,296,296,296,296,296,296,296,296,296,297,296,297,296,296,296,296,296,296,296,296,296,296,296,296,296,296,296,296,296,296,296,296,296,296,-1,-1,-1,-1,-1,-1,-1,-1
10.123734,-1,-1,-1,-1,-1,-1,-1,-1,-1,-1,-1,-1,-1,-1,-1,-1,-1,-1,-1,-1,-1,-1,-1,-1,-1,-1,-1,-1,-1,-1,-1,-1,-1,-1,-1,-1,-1,-1,-1,-1,-1,-1,-1,-1,-1,-1,-1,-1,-1,-1,-1,-1,-1,-1,-1,-1,-1,-1,-1,-1,298,297,297,297,297,297,297,297,297,297,297,297,297,297,297,297,297,297,297,297,297,298,298,297,298,298,298,297,298,297,298,298,298,299,298,298,299,299,299,299,300,300,300,300,300,300,300,300,300,300,301,301,302,302,302,302,302,302,302,302,303,303,303,303,303,302,303,302,302,302,302,302,302,301,301,301,301,301,301,301,301,301,300,301,301,301,300,301,301,301,301,302,302,302,302,302,302,303,302,302,303,302,303,303,302,303,303,304,303,304,303,303,303,303,303,303,303,303,302,303,303,303,-1,-1,293,293,293,293,293,294,294,294,294,294,294,294,295,295,295,295,295,296,296,296,296,296,296,296,296,296,296,296,296,296,296,296,296,296,296,295,295,295,296,295,296,295,295,295,295,295,295,295,295,295,295,295,295,294,295,294
11.248594,-1,-1,-1,-1,-1,-1,-1,-1,-1,-1,-1,-1,-1,-1,-1,-1,-1,-1,-1,-1,-1,-1,-1,-1,-1,-1,-1,-1,-1,-1,-1,-1,-1,-1,-1,-1,-1,-1,-1,-1,-1,-1,-1,-1,-1,-1,-1,-1,-1,-1,-1,-1,-1,-1,-1,-1,-1,297,298,297,296,296,295,295,295,296,296,296,296,295,295,295,296,295,295,295,295,296,296,296,296,296,295,295,295,296,298,296,296,298,296,296,296,297,296,296,297,297,298,297,297,299,299,299,299,300,300,300,300,300,300,300,300,300,300,301,300,301,303,302,302,302,302,302,302,302,302,302,302,302,301,301,301,301,301,301,301,301,301,301,300,300,301,300,300,300,300,300,300,299,300,300,301,300,301,301,301,301,302,302,302,302,302,302,302,302,302,302,302,302,302,302,302,303,302,303,302,302,302,302,302,302,302,-1,-1,292,292,292,292,292,292,292,293,293,293,293,293,294,293,294,294,295,295,294,295,295,295,296,296,296,296,296,296,296,295,296,296,296,296,296,296,296,296,295,296,296,296,295,295,295,295,295,295,295,295,296,294,295,295,294
12.373453,-1,-1,-1,-1,-1,-1,-1,-1,-1,-1,-1,-1,-1,-1,-1,-1,-1,-1,-1,-1,-1,-1,-1,-1,-1,-1,-1,-1,-1,-1,-1,-1,-1,-1,-1,-1,-1,-1,-1,-1,-1,-1,-1,-1,-1,-1,-1,-1,299,300,299,298,297,297,296,296,295,295,294,294,-1,-1,-1,-1,-1,-1,-1,-1,-1,-1,295,295,294,294,294,294,294,294,296,296,296,294,295,295,295,295,295,295,297,297,295,295,295,295,295,295,295,295,296,296,296,296,297,297,297,297,298,298,299,300,299,299,300,300,300,300,301,300,300,301,300,300,301,301,300,301,301,300,301,302,302,301,302,301,301,301,301,301,300,301,300,300,300,300,300,300,300,299,300,299,299,300,300,300,300,300,300,300,300,300,300,301,300,300,300,300,301,301,301,301,300,301,300,302,301,301,301,301,301,301,303,301,301,300,300,-1,-1,-1,291,291,291,291,291,292,291,292,291,292,292,292,292,293,293,293,293,294,294,294,295,295,295,295,296,296,296,296,295,296,296,295,296,296,296,296,296,296,295,295,295,295,295,295,295,295,295,295,295,295,295,294
13.498313,-1,-1,-1,-1,-1,-1,-1,-1,-1,-1,-1,-1,-1,-1,-1,-1,-1,-1,-1,-1,-1,-1,-1,-1,-1,-1,-1,-1,-1,-1,-1,-1,-1,-1,-1,-1,-1,-1,-1,302,301,301,-1,300,300,300,-1,-1,298,298,297,-1,-1,292,293,294,-1,-1,-1,-1,-1,-1,-1,-1,-1,-1,-1,-1,-1,-1,-1,-1,-1,-1,-1,295,294,294,294,294,294,294,293,293,294,293,294,293,294,294,294,296,296,296,295,295,295,295,295,294,295,295,296,295,296,295,296,296,296,297,297,298,299,299,299,299,300,300,300,300,300,300,300,301,300,301,301,301,301,300,300,301,301,301,301,300,300,300,300,300,300,300,300,300,300,300,299,300,299,300,299,300,299,299,299,299,299,300,298,299,299,299,299,299,299,300,300,299,300,300,299,300,300,300,301,300,300,300,300,300,300,300,300,300,300,300,300,-1,-1,-1,291,-1,290,291,291,291,291,291,291,291,291,291,292,292,292,292,293,293,294,293,294,295,294,295,295,295,295,296,296,296,296,296,296,296,296,296,296,295,295,295,296,295,295,295,295,295,295,295,295,294
14.623172,-1,-1,-1,-1,-1,-1,-1,-1,-1,-1,-1,-1,-1,-1,-1,-1,-1,-1,-1,-1,-1,-1,-1,-1,-1,-1,-1,-1,-1,-1,-1,-1,-1,-1,302,301,301,301,301,301,301,300,300,300,300,-1,299,-1,291,292,-1,-1,-1,-1,-1,-1,-1,-1,-1,-1,-1,-1,-1,-1,-1,-1,-1,-1,-1,-1,-1,-1,-1,-1,-1,-1,-1,-1,-1,295,293,293,293,293,293,294,293,293,294,294,293,294,294,293,293,293,293,293,294,294,294,294,294,294,294,294,294,294,295,295,295,295,296,296,297,297,298,298,299,299,300,300,299,300,300,300,300,299,300,300,299,299,299,299,300,299,299,299,298,298,299,299,299,301,298,299,298,299,299,298,299,298,299,299,299,299,299,299,299,298,298,299,300,300,300,300,299,299,298,298,298,298,298,298,298,298,298,298,299,298,299,299,299,299,299,299,299,298,299,-1,-1,-1,290,290,290,290,290,290,290,290,290,290,291,291,291,291,292,292,292,293,293,294,294,294,294,295,295,295,295,295,295,296,296,296,296,296,295,295,295,295,295,295,295,294,295,295,295,295,295,294
15.748032,-1,-1,-1,-1,-1,-1,-1,-1,-1,-1,-1,-1,-1,-1,-1,-1,-1,-1,-1,-1,-1,-1,-1,-1,-1,-1,-1,-1,-1,-1,-1,302,301,301,301,301,301,301,300,300,300,299,299,-1,291,291,-1,-1,-1,-1,-1,-1,-1,-1,-1,-1,-1,-1,-1,-1,-1,-1,-1,-1,-1,-1,-1,-1,-1,-1,-1,-1,-1,-1,-1,-1,-1,-1,-1,-1,-1,-1,-1,-1,293,294,294,294,295,295,295,295,295,294,293,293,293,293,293,293,293,293,293,293,293,293,293,293,293,293,293,293,293,294,294,294,294,294,295,297,297,297,298,298,298,299,299,299,299,299,299,299,299,299,299,299,299,299,299,298,299,299,298,299,298,298,298,298,298,298,297,297,298,297,297,298,298,298,298,298,298,298,298,298,298,298,298,298,298,298,299,298,298,298,298,298,299,298,298,298,298,299,298,298,299,299,299,299,298,299,299,-1,-1,-1,289,289,289,289,289,289,289,290,290,290,290,290,291,291,291,292,292,292,293,293,293,293,293,294,294,294,294,294,294,294,295,294,296,295,295,295,295,294,295,295,295,294,294,294,294,294
16.872890,-1,-1,-1,-1,-1,-1,-1,-1,-1,-1,-1,-1,-1,-1,-1,-1,-1,-1,-1,-1,-1,-1,-1,-1,-1,-1,-1,-1,-1,302,-1,301,301,301,301,301,301,300,-1,-1,291,290,291,291,-1,-1,-1,-1,-1,-1,-1,-1,-1,-1,-1,-1,-1,-1,-1,-1,-1,-1,-1,-1,-1,-1,-1,-1,-1,-1,-1,-1,-1,-1,-1,-1,-1,-1,-1,-1,-1,-1,-1,-1,-1,-1,-1,-1,-1,-1,294,292,293,293,293,292,292,292,292,292,292,294,292,292,292,292,292,292,292,292,293,292,292,292,292,292,292,291,292,291,291,292,292,292,292,292,298,297,297,298,298,298,298,298,298,298,298,298,298,298,298,298,298,298,298,298,297,297,297,297,297,297,297,297,296,297,296,296,297,296,296,297,296,297,296,296,297,296,296,296,296,296,296,297,296,298,298,298,298,298,298,299,299,299,299,299,299,299,299,299,300,299,299,300,-1,-1,289,289,289,289,289,289,289,289,290,290,290,290,291,291,291,291,291,292,292,291,292,292,292,292,293,292,293,293,293,294,294,294,294,294,295,294,294,294,294,294,294,294,294,294
17.997749,-1,-1,-1,-1,-1,-1,-1,-1,-1,-1,-1,-1,-1,-1,-1,-1,-1,-1,-1,-1,-1,-1,-1,-1,-1,-1,-1,302,302,-1,-1,301,301,301,300,-1,-1,290,290,290,291,-1,-1,-1,-1,-1,-1,-1,-1,-1,-1,-1,-1,-1,-1,-1,-1,-1,-1,-1,-1,-1,-1,-1,-1,-1,-1,-1,-1,-1,-1,-1,-1,-1,-1,-1,-1,-1,-1,-1,-1,-1,-1,-1,-1,-1,-1,-1,-1,-1,-1,-1,-1,-1,-1,-1,-1,-1,-1,291,291,291,291,291,291,291,291,291,290,290,290,290,290,290,290,290,290,290,290,290,290,290,289,289,289,289,289,288,289,289,289,290,290,290,291,291,296,296,296,297,296,297,297,296,296,297,297,296,297,296,296,297,296,296,296,296,296,296,296,296,296,295,296,296,296,296,296,296,295,296,296,295,296,295,295,295,295,295,295,295,295,296,299,297,298,298,298,299,299,299,299,299,299,299,299,299,-1,-1,-1,289,289,289,289,289,289,289,289,290,290,290,290,290,291,291,291,290,291,291,291,291,292,292,292,292,292,292,292,293,292,293,293,293,294,294,294,294,294,294,294,294
19.122610,-1,-1,-1,-1,-1,-1,-1,-1,-1,-1,-1,-1,-1,-1,-1,-1,-1,-1,-1,-1,-1,-1,-1,-1,-1,-1,-1,301,301,301,301,301,300,300,-1,289,289,-1,-1,-1,-1,-1,-1,-1,-1,-1,-1,-1,-1,-1,-1,-1,-1,-1,-1,-1,-1,-1,-1,-1,-1,-1,-1,-1,-1,-1,-1,-1,-1,-1,-1,-1,-1,-1,-1,-1,-1,-1,-1,-1,-1,-1,-1,-1,-1,-1,-1,-1,-1,-1,-1,-1,-1,-1,-1,-1,-1,-1,291,291,-1,-1,-1,-1,-1,-1,-1,-1,-1,-1,-1,-1,-1,-1,-1,-1,-1,-1,-1,-1,-1,-1,-1,-1,-1,-1,-1,-1,-1,-1,-1,287,287,287,287,287,288,288,288,288,288,288,288,289,289,295,294,295,295,295,295,295,295,295,295,295,295,299,295,295,295,295,295,295,294,295,294,294,294,294,294,294,294,294,294,294,294,294,294,294,294,294,294,295,295,294,295,296,296,298,298,298,299,299,299,299,299,299,-1,-1,289,289,289,289,289,289,289,289,289,289,289,289,290,289,290,290,290,290,290,291,291,291,291,291,292,292,292,292,292,293,293,293,294,294,294,294,295,295,295,294
20.247469,-1,-1,-1,-1,-1,-1,-1,-1,-1,-1,-1,-1,-1,-1,311,312,312,-1,-1,-1,-1,-1,-1,-1,301,301,301,301,301,301,300,300,-1,289,289,289,-1,-1,-1,-1,-1,-1,-1,-1,-1,-1,-1,-1,-1,-1,-1,-1,-1,-1,-1,-1,-1,-1,-1,-1,-1,-1,-1,-1,-1,-1,-1,-1,-1,-1,-1,-1,-1,-1,-1,-1,-1,-1,-1,-1,-1,-1,-1,-1,-1,-1,-1,-1,-1,-1,-1,-1,-1,-1,-1,-1,-1,-1,-1,-1,-1,-1,-1,-1,-1,-1,-1,-1,-1,-1,-1,-1,-1,-1,-1,-1,-1,-1,-1,-1,-1,-1,-1,-1,-1,-1,-1,-1,-1,-1,-1,-1,286,-1,-1,-1,288,-1,287,288,287,287,287,286,286,287,287,287,287,287,288,288,288,288,288,288,289,289,290,290,291,291,291,291,292,292,292,292,292,292,292,292,292,292,292,292,292,293,293,293,293,293,293,293,293,294,294,294,294,294,294,295,295,296,296,297,299,299,299,299,-1,-1,-1,-1,-1,289,289,-1,289,289,289,289,289,289,289,289,289,289,289,289,289,289,289,289,289,290,290,291,291,291,291,293,292,293,294,294,295,295,296,295
21.372328,-1,-1,312,311,311,312,311,-1,-1,310,-1,-1,312,311,311,-1,-1,-1,-1,-1,-1,-1,-1,-1,-1,301,300,300,300,288,289,289,289,289,-1,-1,-1,-1,-1,-1,-1,-1,-1,-1,-1,-1,-1,-1,-1,-1,-1,-1,-1,-1,-1,-1,-1,-1,-1,-1,-1,-1,-1,-1,-1,-1,-1,-1,-1,-1,-1,-1,-1,-1,-1,-1,-1,-1,-1,-1,-1,-1,-1,-1,-1,-1,-1,-1,-1,-1,-1,-1,-1,-1,-1,-1,-1,-1,-1,-1,-1,-1,-1,-1,-1,-1,-1,-1,-1,-1,-1,-1,-1,-1,-1,-1,-1,-1,-1,-1,-1,-1,-1,-1,-1,-1,-1,-1,-1,-1,-1,-1,-1,-1,-1,-1,-1,-1,-1,-1,-1,-1,-1,-1,-1,-1,-1,-1,-1,-1,287,287,288,288,287,287,287,287,287,287,287,288,288,288,288,288,288,289,290,290,290,290,290,291,291,291,291,291,291,291,292,291,292,292,292,292,293,293,293,293,294,293,294,294,294,294,295,295,296,296,296,299,299,-1,-1,-1,-1,-1,-1,289,289,289,289,289,289,288,289,289,289,289,289,289,289,289,289,289,289,289,289,289,290,290,290,290,291,291,292,-1,296,296
22.497189,-1,309,312,310,-1,310,310,310,309,310,310,310,-1,-1,-1,-1,-1,-1,-1,-1,-1,-1,-1,-1,-1,288,288,-1,-1,-1,-1,-1,-1,-1,-1,-1,-1,-1,-1,-1,-1,-1,-1,-1,-1,-1,-1,-1,-1,-1,-1,-1,-1,-1,-1,-1,-1,-1,-1,-1,-1,-1,-1,-1,-1,-1,-1,-1,-1,-1,-1,-1,-1,-1,-1,-1,-1,-1,-1,-1,-1,-1,-1,-1,-1,-1,-1,-1,-1,-1,-1,-1,-1,-1,-1,-1,-1,-1,-1,-1,-1,-1,-1,-1,-1,-1,-1,-1,-1,-1,-1,-1,-1,-1,-1,-1,-1,-1,-1,-1,-1,-1,-1,-1,-1,-1,-1,-1,-1,-1,-1,-1,-1,-1,-1,-1,-1,-1,-1,-1,-1,-1,-1,-1,-1,-1,-1,-1,-1,-1,-1,-1,-1,-1,-1,-1,-1,-1,-1,-1,-1,-1,-1,-1,-1,-1,-1,-1,288,288,288,288,288,288,288,289,289,289,289,290,290,291,291,291,291,291,291,291,291,292,292,292,292,292,292,293,293,293,293,294,294,294,295,295,295,296,296,-1,-1,-1,-1,-1,-1,-1,-1,-1,-1,289,289,289,289,289,289,289,289,289,289,290,290,290,290,290,290,290,291,291,291,291,-1,-1
23.622047,-1,287,287,287,288,288,288,288,287,287,-1,288,-1,-1,-1,-1,-1,-1,-1,-1,-1,-1,-1,-1,-1,-1,-1,-1,-1,-1,-1,-1,-1,-1,-1,-1,-1,-1,-1,-1,-1,-1,-1,-1,-1,-1,-1,-1,-1,-1,-1,-1,-1,-1,-1,-1,-1,-1,-1,-1,-1,-1,-1,-1,-1,-1,-1,-1,-1,-1,-1,-1,-1,-1,-1,-1,-1,-1,-1,-1,-1,-1,-1,-1,-1,-1,-1,-1,-1,-1,-1,-1,-1,-1,-1,-1,-1,-1,-1,-1,-1,-1,-1,-1,-1,-1,-1,-1,-1,-1,-1,-1,-1,-1,-1,-1,-1,-1,-1,-1,-1,-1,-1,-1,-1,-1,-1,-1,-1,-1,-1,-1,-1,-1,-1,-1,-1,-1,-1,-1,-1,-1,-1,-1,-1,-1,-1,-1,-1,-1,-1,-1,-1,-1,-1,-1,-1,-1,-1,-1,-1,-1,-1,-1,-1,-1,-1,-1,-1,-1,-1,-1,-1,-1,-1,-1,-1,-1,-1,-1,-1,290,290,290,290,290,289,290,289,289,289,289,289,289,289,289,289,289,289,289,290,290,290,290,290,290,290,290,291,290,291,291,291,290,290,-1,291,291,291,290,-1,-1,-1,290,-1,-1,290,290,290,291,291,291,291,291,291,291,292,292,292,-1
24.746906,-1,-1,-1,-1,-1,-1,-1,-1,-1,-1,-1,-1,-1,-1,-1,-1,-1,-1,-1,-1,-1,-1,-1,-1,-1,-1,-1,-1,-1,-1,-1,-1,-1,-1,-1,-1,-1,-1,-1,-1,-1,-1,-1,-1,-1,-1,-1,-1,-1,-1,-1,-1,-1,-1,-1,-1,-1,-1,-1,-1,-1,-1,-1,-1,-1,-1,-1,-1,-1,-1,-1,-1,-1,-1,-1,-1,-1,-1,-1,-1,-1,-1,-1,-1,-1,-1,-1,-1,-1,-1,-1,-1,-1,-1,-1,-1,-1,-1,-1,-1,-1,-1,-1,-1,-1,-1,-1,-1,-1,-1,-1,-1,-1,-1,-1,-1,-1,-1,-1,-1,-1,-1,-1,-1,-1,-1,-1,-1,-1,-1,-1,-1,-1,-1,-1,-1,-1,-1,-1,-1,-1,-1,-1,-1,-1,-1,-1,-1,-1,-1,-1,-1,-1,-1,-1,-1,-1,-1,-1,-1,-1,-1,-1,-1,-1,-1,-1,-1,-1,290,290,289,290,289,289,289,289,289,289,289,289,289,289,289,289,288,288,289,289,288,288,288,288,288,288,288,288,288,288,288,288,288,288,288,288,288,288,288,288,289,289,289,289,290,289,289,290,290,290,290,290,290,290,290,290,290,290,290,290,290,290,290,290,290,289,289,289,289,289,289
25.871765,-1,-1,-1,-1,-1,-1,-1,-1,-1,-1,-1,-1,-1,-1,-1,-1,-1,-1,-1,-1,-1,-1,-1,-1,-1,-1,-1,-1,-1,-1,-1,-1,-1,-1,-1,-1,-1,-1,-1,-1,-1,-1,-1,-1,-1,-1,-1,-1,-1,-1,-1,-1,-1,-1,-1,-1,-1,-1,-1,-1,-1,-1,-1,-1,-1,-1,-1,-1,-1,-1,-1,-1,-1,-1,-1,-1,-1,-1,-1,-1,-1,-1,-1,-1,-1,-1,-1,-1,-1,-1,-1,-1,-1,-1,-1,-1,-1,-1,-1,-1,-1,-1,-1,-1,-1,-1,-1,-1,-1,-1,-1,-1,-1,-1,-1,-1,-1,-1,-1,-1,-1,-1,-1,-1,-1,-1,-1,-1,-1,-1,-1,-1,-1,-1,-1,-1,-1,-1,-1,-1,-1,-1,-1,-1,-1,-1,-1,-1,-1,-1,-1,-1,-1,-1,-1,-1,-1,-1,288,289,289,289,289,289,289,289,289,289,288,289,288,288,288,288,288,288,288,288,288,288,288,288,287,288,287,287,287,287,287,287,287,286,287,286,286,286,286,287,286,286,286,286,286,286,287,286,286,287,287,287,287,287,287,288,288,288,288,289,289,289,289,289,289,289,288,289,288,288,288,288,288,288,288,288,288,288,288,287,287,287
26.996626,-1,299,-1,-1,-1,-1,-1,-1,301,301,301,301,-1,-1,-1,303,-1,-1,-1,-1,-1,-1,-1,-1,-1,-1,-1,-1,-1,-1,-1,-1,-1,-1,-1,-1,-1,-1,-1,-1,-1,-1,-1,-1,-1,-1,-1,-1,-1,-1,-1,-1,-1,-1,-1,-1,-1,-1,-1,-1,-1,-1,-1,-1,-1,-1,-1,-1,-1,-1,-1,-1,-1,-1,-1,-1,-1,-1,-1,-1,-1,-1,-1,-1,-1,-1,-1,-1,-1,-1,-1,-1,-1,-1,-1,-1,-1,-1,-1,-1,-1,-1,-1,-1,-1,-1,-1,-1,-1,-1,-1,-1,-1,-1,-1,-1,-1,-1,-1,-1,-1,-1,-1,-1,-1,-1,-1,-1,-1,-1,-1,-1,-1,-1,-1,-1,-1,-1,-1,-1,-1,-1,-1,-1,-1,-1,-1,-1,-1,-1,-1,-1,288,288,288,288,288,288,288,287,288,288,288,287,287,287,287,287,287,287,287,287,287,287,287,287,287,287,287,287,287,287,286,286,286,286,286,286,286,285,285,285,285,285,285,285,285,285,285,285,285,285,285,285,285,285,285,285,285,286,286,286,287,287,287,287,287,287,287,287,287,287,287,286,286,286,286,286,286,286,285,286,286,285,285,284,285,286,286,286
28.121485,-1,301,301,-1,-1,302,302,303,303,303,303,-1,-1,-1,-1,-1,-1,-1,-1,-1,-1,-1,-1,-1,-1,-1,-1,-1,-1,-1,-1,-1,-1,-1,-1,-1,-1,-1,-1,-1,-1,-1,-1,-1,-1,-1,-1,-1,-1,-1,-1,-1,-1,-1,-1,-1,-1,-1,-1,-1,-1,-1,-1,-1,-1,-1,-1,-1,-1,-1,-1,-1,-1,-1,-1,-1,-1,-1,-1,-1,-1,-1,-1,-1,-1,-1,-1,-1,-1,-1,-1,-1,-1,-1,-1,-1,-1,-1,-1,-1,-1,-1,-1,-1,-1,-1,-1,-1,-1,-1,-1,-1,-1,-1,-1,-1,-1,-1,-1,-1,-1,-1,-1,-1,-1,-1,-1,-1,-1,-1,-1,-1,-1,-1,-1,-1,-1,-1,-1,-1,-1,-1,-1,-1,-1,287,287,287,287,287,287,287,287,287,288,287,287,287,287,287,287,287,287,287,287,287,286,286,286,286,285,285,285,285,284,284,284,284,284,284,283,283,283,283,283,282,283,283,283,283,283,283,283,284,284,283,284,284,284,284,284,284,284,285,284,285,285,285,285,285,285,285,285,285,285,285,285,285,285,285,285,284,285,284,285,284,284,284,284,284,284,284,284,284,284,284,284,284,284,284
29.246344,-1,-1,-1,303,303,-1,-1,-1,-1,-1,-1,-1,-1,-1,-1,-1,-1,-1,-1,-1,-1,-1,-1,-1,-1,-1,-1,-1,-1,-1,-1,-1,-1,-1,-1,-1,-1,-1,-1,-1,-1,-1,-1,-1,-1,-1,-1,-1,-1,-1,-1,-1,-1,-1,-1,-1,-1,-1,-1,-1,-1,-1,-1,-1,-1,-1,-1,-1,-1,-1,-1,-1,-1,-1,-1,-1,-1,-1,-1,-1,-1,-1,-1,-1,-1,-1,-1,-1,-1,-1,-1,-1,-1,-1,-1,-1,-1,-1,-1,-1,-1,-1,-1,-1,-1,-1,-1,-1,-1,-1,-1,-1,-1,-1,-1,-1,307,307,308,307,307,307,307,307,307,307,308,308,307,308,308,307,307,307,307,307,308,308,308,307,287,286,287,287,287,286,286,286,286,286,286,286,286,285,285,285,285,284,284,284,284,284,284,284,284,283,284,283,283,283,283,283,283,283,283,283,283,283,283,283,284,282,283,283,283,283,283,283,283,283,283,283,283,283,283,283,283,283,283,284,284,284,284,284,285,284,284,284,285,284,284,284,284,284,284,284,284,284,284,283,283,283,283,283,283,283,283,283,283,283,283,283,283,283,283,283,283,283,284,284
30.371204,-1,-1,-1,-1,-1,-1,-1,-1,-1,-1,-1,-1,-1,-1,-1,-1,-1,-1,-1,-1,-1,-1,-1,-1,-1,-1,-1,-1,-1,-1,-1,-1,-1,-1,-1,-1,-1,-1,-1,-1,-1,-1,-1,-1,-1,-1,-1,-1,-1,-1,-1,-1,-1,-1,-1,-1,-1,-1,-1,-1,-1,-1,-1,-1,-1,-1,-1,-1,-1,-1,-1,-1,-1,-1,-1,-1,-1,-1,-1,-1,-1,-1,-1,-1,-1,-1,-1,-1,-1,-1,-1,-1,-1,-1,-1,-1,-1,-1,-1,-1,-1,-1,-1,308,308,308,308,308,310,308,310,307,307,307,307,307,307,307,307,310,308,307,307,307,307,307,307,307,307,307,307,307,307,307,308,286,286,285,285,285,285,285,285,284,284,284,284,284,284,283,283,283,283,283,283,283,283,283,282,282,282,282,282,282,282,282,282,283,282,283,283,283,283,283,283,282,283,282,282,284,283,283,283,283,283,283,283,284,283,283,283,283,283,283,283,283,283,283,284,284,284,284,284,283,284,284,284,283,283,283,283,283,283,282,282,282,282,282,283,282,282,282,282,282,282,282,282,282,282,282,282,282,282,282,282,282,282,282,283,283
31.496063,284,284,283,-1,-1,-1,-1,-1,-1,-1,-1,-1,-1,-1,-1,-1,-1,-1,-1,-1,-1,-1,-1,-1,-1,-1,-1,-1,-1,-1,-1,-1,-1,-1,-1,-1,-1,-1,-1,-1,-1,-1,-1,-1,-1,-1,-1,-1,-1,-1,-1,-1,-1,-1,-1,-1,-1,-1,-1,-1,-1,-1,-1,-1,-1,-1,-1,-1,-1,-1,-1,-1,-1,-1,-1,-1,-1,-1,-1,-1,-1,-1,-1,-1,-1,-1,-1,-1,-1,-1,-1,-1,-1,-1,-1,-1,-1,-1,309,309,309,309,309,309,309,309,309,309,311,308,308,307,310,310,310,308,307,307,307,307,307,307,307,307,307,307,307,307,307,307,308,309,285,285,285,285,284,284,284,284,284,283,283,282,284,282,282,283,282,282,282,282,282,282,282,283,282,282,282,283,282,283,283,283,282,282,282,283,283,282,283,282,282,283,283,283,282,282,282,282,282,282,283,282,283,282,282,283,283,283,283,283,283,283,283,283,283,283,283,283,283,283,283,283,283,283,282,282,282,282,282,282,281,-1,281,281,281,281,281,281,281,281,281,281,281,281,281,281,281,281,281,281,281,281,-1,281,281,282,282,282
32.620922,283,283,283,283,283,283,283,283,283,283,283,283,283,283,283,-1,-1,-1,-1,-1,-1,-1,-1,-1,-1,-1,-1,-1,-1,-1,-1,-1,-1,-1,-1,-1,-1,-1,-1,-1,-1,-1,-1,-1,-1,-1,-1,-1,-1,-1,-1,-1,-1,-1,-1,-1,-1,-1,-1,-1,-1,-1,-1,-1,-1,-1,-1,-1,-1,-1,-1,-1,-1,-1,-1,-1,-1,-1,-1,-1,-1,-1,-1,-1,-1,-1,-1,-1,-1,308,309,308,309,309,309,309,309,309,309,309,309,309,309,309,309,309,309,309,309,309,309,309,308,308,307,310,307,307,307,307,307,307,307,307,307,307,307,308,309,284,-1,285,284,284,284,283,283,283,283,282,283,282,282,282,282,282,282,282,282,282,281,281,282,282,282,282,281,282,282,282,282,282,282,282,282,282,281,282,281,282,281,282,282,282,281,282,282,282,282,282,282,281,282,282,282,282,283,282,283,283,283,283,282,283,283,283,283,283,283,282,282,282,282,282,281,281,281,281,281,281,280,281,280,280,280,280,280,280,280,280,280,280,280,280,280,280,280,280,280,280,280,280,280,281,280,281,281,281,281,281
33.745781,282,281,282,281,282,281,282,282,282,282,282,282,282,282,282,282,282,282,282,283,282,283,282,282,282,282,-1,-1,-1,-1,-1,-1,-1,-1,-1,-1,-1,-1,-1,-1,-1,-1,-1,-1,-1,-1,-1,-1,-1,-1,-1,-1,-1,-1,-1,-1,-1,-1,-1,-1,-1,-1,-1,-1,-1,-1,-1,-1,-1,-1,-1,-1,-1,-1,-1,-1,-1,-1,-1,-1,307,307,307,307,307,308,307,307,311,311,309,311,311,311,308,309,309,309,309,309,309,309,311,311,311,311,307,308,308,308,309,309,308,308,308,308,308,307,307,307,308,307,307,307,307,307,308,284,285,284,284,284,283,283,283,282,282,282,282,282,282,282,281,282,282,281,281,281,281,281,281,281,281,281,281,281,281,281,281,281,281,281,281,281,281,280,281,281,281,281,281,281,281,282,282,282,282,282,282,282,282,282,282,282,282,283,283,283,283,283,283,283,282,282,282,282,282,281,281,281,281,281,281,281,280,281,281,280,280,279,279,280,280,280,279,279,279,279,279,279,279,279,280,280,280,280,280,280,280,280,280,280,280,280,280,280,280,280,280,280
34.870640,281,281,281,281,281,281,280,280,280,280,281,280,280,280,281,280,280,280,281,280,281,281,281,281,281,281,281,281,280,281,281,281,281,281,281,281,-1,-1,-1,-1,-1,-1,-1,-1,-1,-1,-1,-1,-1,-1,-1,-1,-1,-1,-1,-1,-1,-1,-1,-1,-1,-1,-1,-1,-1,-1,-1,-1,-1,-1,-1,-1,-1,306,307,307,307,307,307,307,307,311,307,307,307,310,307,311,307,307,307,311,311,308,307,307,307,307,307,307,308,307,311,308,307,311,307,307,307,307,307,307,308,308,308,308,308,308,308,308,308,309,308,308,308,285,284,284,283,283,283,283,282,282,282,282,281,281,281,281,281,280,280,281,281,280,282,280,281,280,280,280,280,281,281,280,280,280,281,281,281,281,281,281,281,281,281,281,281,281,281,281,281,282,281,282,282,282,282,282,282,282,282,282,283,282,282,282,282,281,281,281,281,281,281,281,280,281,280,280,280,280,280,280,280,280,279,279,280,279,278,279,279,279,279,279,278,279,278,279,279,279,279,279,280,279,279,279,279,-1,279,279,279,279,279,279,279,279,279,279
35.995499,280,280,279,280,279,280,279,280,279,279,279,279,279,279,280,279,279,279,279,279,279,279,279,279,279,279,280,279,279,280,280,279,280,280,280,280,280,280,280,280,280,281,280,280,-1,-1,-1,-1,-1,-1,-1,-1,-1,-1,-1,-1,-1,-1,-1,-1,-1,-1,-1,-1,-1,-1,-1,308,309,307,307,307,308,307,307,307,307,307,307,307,307,307,307,307,307,307,307,307,307,307,307,307,307,307,307,307,307,307,307,307,307,307,307,311,311,308,308,307,308,308,310,308,307,308,308,308,308,308,308,308,308,284,284,284,282,284,283,283,283,283,282,282,281,281,280,281,281,281,280,282,280,280,280,282,279,280,280,279,279,280,280,280,280,280,280,280,280,280,280,281,280,280,281,281,281,281,281,281,281,281,281,281,281,281,281,282,282,282,282,281,282,282,282,281,281,281,281,280,281,280,280,280,280,280,279,279,279,280,279,280,-1,279,280,279,280,280,279,279,279,280,279,279,279,279,279,279,279,279,279,279,279,279,280,279,279,279,279,279,279,279,279,279,279,278,278,278,279,-1,278,278
37.120361,279,279,279,279,279,280,279,279,279,279,279,279,279,279,279,278,278,279,279,279,278,278,279,279,278,278,279,279,279,279,279,279,279,279,279,279,279,279,279,279,279,279,279,279,279,279,279,280,280,279,280,-1,-1,-1,-1,-1,-1,-1,-1,-1,-1,-1,-1,-1,-1,307,307,308,308,308,308,308,307,307,307,307,307,307,307,307,307,307,307,306,308,307,307,307,307,307,307,307,306,307,307,307,307,307,307,307,307,307,307,307,307,307,307,307,307,307,309,307,308,308,308,308,308,308,308,308,309,284,284,283,283,283,283,282,282,282,281,281,280,282,281,280,280,280,280,280,280,280,280,280,280,279,280,279,280,279,279,278,279,279,279,279,278,279,280,267,266,266,266,266,266,266,268,265,266,265,266,266,266,282,281,281,281,281,281,281,281,280,280,280,280,280,280,280,279,279,279,279,279,279,279,279,279,279,278,279,279,-1,279,279,279,279,279,279,279,279,280,279,280,-1,280,279,279,280,279,280,279,279,279,279,279,279,279,279,279,278,278,278,278,278,278,278,278,-1,-1,-1
38.245220,278,278,278,278,278,278,278,278,278,278,278,278,278,278,278,278,278,278,278,278,278,278,278,278,278,279,279,278,278,279,279,279,278,279,279,279,279,279,279,279,279,279,279,279,279,279,279,279,279,279,279,279,279,280,279,280,280,-1,-1,-1,-1,-1,308,308,308,307,308,308,308,308,308,308,308,307,308,308,308,308,308,307,307,307,307,308,307,307,307,307,307,307,308,307,307,307,307,306,307,306,307,310,307,307,307,307,307,307,307,310,307,307,307,307,307,308,308,308,308,308,307,283,283,283,282,282,282,282,282,282,282,281,281,281,281,281,281,280,280,280,280,280,280,279,279,279,279,279,279,279,279,279,279,280,279,266,266,266,267,266,266,266,266,266,266,266,266,266,266,266,268,266,266,268,268,266,266,266,266,265,266,266,266,279,279,279,279,279,278,278,278,278,279,278,278,278,278,278,278,278,278,278,278,278,278,278,279,279,279,279,279,279,280,279,280,280,280,279,280,280,279,280,279,279,280,279,278,278,278,279,279,278,278,278,278,-1,-1,-1,-1,-1,-1,-1
39.370079,278,278,278,278,277,278,278,277,277,277,278,277,278,277,277,278,278,277,277,277,278,277,278,278,278,278,277,278,278,278,278,278,278,278,278,278,278,278,278,278,278,278,278,278,279,278,280,-1,279,279,-1,-1,-1,-1,-1,-1,-1,-1,-1,308,308,308,308,308,308,308,308,308,308,308,308,308,308,308,308,308,308,308,308,308,308,307,307,307,307,308,307,307,307,307,307,307,307,307,307,308,307,308,307,307,308,307,308,308,308,308,308,308,308,308,308,308,308,308,308,307,308,308,307,283,283,282,282,282,282,282,281,282,281,281,281,281,281,282,280,280,280,280,279,280,280,279,279,279,279,280,266,266,266,267,267,266,268,265,268,267,267,267,267,266,266,267,266,266,267,266,267,267,268,268,267,267,268,266,266,266,266,266,265,266,265,266,266,266,265,278,277,278,278,277,278,277,278,277,277,278,277,278,278,278,278,278,278,278,278,279,279,279,279,279,279,279,279,279,279,279,279,279,-1,279,279,279,279,279,279,278,278,279,278,-1,-1,-1,-1,-1,-1,-1,-1,-1,-1,-1
40.494938,277,278,277,277,277,277,278,277,277,278,277,278,277,277,277,277,277,277,278,277,277,277,277,277,277,277,277,277,278,278,278,278,278,277,278,278,278,278,278,278,278,278,279,-1,-1,-1,-1,-1,-1,-1,-1,-1,-1,-1,-1,-1,308,309,309,309,309,309,309,309,309,308,309,308,308,308,308,308,308,308,308,308,308,308,308,308,308,308,309,308,308,307,309,306,307,307,306,306,309,306,306,307,307,307,307,307,306,307,306,307,305,307,306,306,306,307,306,307,306,307,306,307,306,308,283,282,283,283,282,281,282,282,281,281,281,281,281,280,280,280,281,280,280,280,280,266,265,265,266,265,266,266,266,266,266,266,266,266,267,267,266,267,267,267,267,267,266,267,267,267,267,267,267,267,267,267,267,267,267,267,267,267,266,267,266,265,266,266,266,266,266,266,265,265,265,277,278,278,277,277,277,277,277,278,278,278,278,278,278,278,278,278,278,278,278,278,279,278,278,278,279,-1,279,278,278,278,-1,279,278,279,-1,-1,-1,-1,-1,-1,-1,-1,-1,-1,-1,-1,-1,-1,-1,-1
41.619797,277,277,277,277,277,277,277,277,277,277,278,277,277,277,278,278,278,277,278,277,278,277,278,278,278,278,278,278,278,278,278,278,278,278,278,278,-1,-1,-1,-1,-1,-1,-1,-1,-1,-1,-1,-1,-1,-1,-1,-1,-1,-1,309,309,310,309,310,309,309,308,309,309,309,309,309,308,309,309,308,308,308,308,308,308,308,308,308,308,307,308,307,308,307,307,307,307,307,307,307,307,307,307,307,307,307,309,306,308,305,306,308,308,305,308,305,305,305,305,305,305,305,305,306,306,305,306,307,282,281,282,282,282,281,281,281,281,280,281,281,281,280,280,265,-1,264,265,265,265,266,265,265,265,265,265,266,268,266,266,266,266,266,268,267,267,267,267,266,268,267,268,267,267,267,267,268,267,267,267,267,268,267,267,267,267,267,267,267,267,266,266,266,266,266,265,265,265,265,264,265,264,-1,264,277,278,277,278,278,277,278,278,278,278,277,277,278,278,277,278,278,278,278,-1,278,278,278,-1,-1,-1,-1,-1,-1,-1,-1,-1,-1,-1,-1,-1,-1,-1,-1,-1,-1,-1,-1,-1,-1,-1
42.744656,277,277,278,278,276,277,278,277,277,277,277,278,278,277,277,277,277,278,278,278,278,278,278,278,279,277,278,-1,-1,-1,-1,-1,-1,-1,-1,-1,-1,-1,-1,-1,-1,-1,-1,-1,-1,-1,-1,-1,-1,-1,-1,-1,310,310,309,309,309,309,309,308,308,309,308,309,308,308,308,309,308,308,308,308,308,308,308,308,308,308,308,308,308,308,308,308,308,308,307,308,307,307,307,307,307,307,307,306,306,306,305,306,305,305,305,305,305,305,305,308,305,305,305,305,305,308,305,305,306,306,282,282,282,282,282,281,281,281,281,281,281,265,265,265,265,264,265,266,265,265,265,264,266,266,265,266,266,265,265,266,266,266,265,268,268,266,266,267,267,267,267,268,268,268,268,268,267,267,268,268,267,268,267,267,268,268,268,268,267,267,267,267,267,267,266,266,266,265,266,265,265,265,264,265,264,265,265,264,264,264,278,278,278,278,277,276,277,277,278,278,278,-1,-1,278,278,-1,-1,-1,-1,-1,-1,-1,-1,-1,-1,-1,-1,-1,-1,-1,-1,-1,-1,-1,-1,-1,-1,-1,-1,-1,-1,-1
43.869514,278,277,278,278,278,278,278,278,278,278,278,278,278,278,278,278,278,278,278,-1,-1,-1,-1,-1,-1,-1,-1,-1,-1,-1,-1,-1,-1,-1,-1,-1,-1,-1,-1,-1,-1,-1,-1,-1,-1,-1,-1,-1,-1,-1,-1,308,308,308,308,308,308,308,308,308,308,308,309,308,308,308,308,308,308,308,310,307,308,308,308,307,309,309,308,308,308,308,308,308,308,308,308,307,307,307,307,307,307,307,307,307,307,306,307,306,306,306,306,306,306,306,306,306,305,306,306,306,306,306,306,306,306,308,-1,282,282,281,282,264,264,264,264,264,264,264,267,264,267,264,264,266,265,265,265,267,267,266,265,266,265,266,266,268,268,266,266,266,267,268,267,268,268,268,267,267,268,268,268,268,268,268,268,268,268,268,268,269,268,268,268,268,268,268,268,268,267,267,267,267,266,266,266,265,266,266,265,265,265,265,265,265,265,265,265,265,264,264,265,265,265,-1,-1,-1,-1,-1,-1,-1,-1,-1,-1,-1,-1,-1,-1,-1,-1,-1,-1,-1,-1,-1,-1,-1,-1,-1,-1,-1,-1,-1,-1,-1,-1,-1,-1,-1
44.994377,278,278,278,278,278,278,278,278,278,-1,-1,-1,-1,-1,-1,-1,-1,-1,-1,-1,-1,-1,-1,-1,-1,-1,-1,-1,-1,-1,-1,-1,-1,-1,-1,-1,-1,-1,-1,-1,-1,-1,-1,306,306,306,306,-1,307,308,308,309,309,309,308,309,308,308,308,307,309,308,308,308,308,308,308,308,308,307,307,307,308,310,308,308,308,308,308,308,308,308,307,307,309,307,307,308,308,307,308,307,307,307,306,306,307,306,306,306,306,306,307,306,306,306,306,305,305,307,307,307,306,306,306,306,306,305,263,264,263,264,263,263,266,263,264,264,264,264,265,265,264,265,266,265,266,266,266,265,265,266,265,266,267,267,266,268,267,267,267,267,267,268,267,267,268,267,268,268,268,268,268,269,269,269,268,269,269,268,269,269,268,268,268,267,267,268,268,267,267,267,267,267,267,266,266,266,266,266,266,266,266,266,265,266,266,266,266,266,266,266,265,266,266,266,266,266,266,265,-1,-1,-1,-1,-1,-1,-1,-1,-1,-1,-1,-1,-1,-1,-1,-1,-1,-1,-1,-1,-1,-1,-1,-1,-1,314,-1,-1,-1,-1
46.119236,-1,-1,-1,-1,-1,-1,-1,-1,-1,-1,-1,-1,-1,-1,-1,-1,-1,-1,-1,-1,-1,-1,-1,-1,-1,-1,-1,-1,-1,-1,-1,-1,303,303,303,304,304,304,304,305,304,305,304,305,305,304,305,305,305,305,305,306,305,306,306,306,306,307,307,307,308,307,308,307,307,307,308,307,307,306,306,306,306,306,306,306,306,305,305,305,305,305,306,307,307,308,308,302,302,302,305,303,303,303,302,305,304,304,305,305,315,316,313,313,314,313,313,306,305,306,305,307,305,265,265,264,265,265,263,264,264,263,263,266,263,263,263,263,266,263,266,266,265,265,265,265,265,265,265,266,265,265,265,265,266,265,266,266,267,267,268,268,267,267,268,268,267,268,268,268,268,268,269,269,269,269,269,269,269,269,269,269,269,268,268,268,267,268,268,267,268,267,267,268,267,267,266,267,267,267,267,267,267,267,266,266,267,267,267,267,267,267,267,267,267,267,267,266,267,267,267,266,267,267,-1,-1,-1,-1,-1,-1,-1,-1,-1,-1,-1,-1,-1,-1,-1,-1,-1,-1,-1,-1,-1,-1,-1,-1,-1,-1
47.244095,-1,-1,-1,-1,-1,-1,-1,-1,-1,-1,-1,-1,-1,-1,-1,-1,-1,-1,-1,-1,-1,-1,-1,-1,-1,-1,-1,-1,302,302,302,302,302,303,303,303,303,303,305,302,303,303,303,305,303,304,304,304,304,304,304,304,304,304,304,304,304,304,304,304,304,304,304,305,307,305,304,306,305,305,305,305,307,305,304,304,300,304,303,300,300,300,301,301,300,303,303,303,298,301,299,299,299,299,300,299,299,299,298,300,299,299,299,298,298,298,299,299,265,265,265,265,264,264,265,265,264,265,265,264,265,264,265,265,265,264,265,266,265,265,265,265,265,265,265,265,265,265,266,265,265,265,266,266,266,267,266,266,267,267,267,267,266,267,267,268,268,268,268,268,269,269,268,269,269,269,269,269,269,269,269,269,269,268,269,269,269,269,269,269,269,268,269,269,269,268,269,269,268,269,269,268,268,269,268,268,268,268,268,268,268,268,267,267,268,267,267,267,267,267,267,266,266,267,266,266,266,266,-1,-1,-1,-1,-1,-1,-1,-1,-1,-1,315,316,-1,-1,-1,-1,-1,313,-1,313,-1,-1
48.368954,-1,-1,-1,-1,-1,-1,-1,-1,-1,-1,-1,-1,-1,-1,-1,-1,-1,-1,-1,-1,-1,-1,-1,-1,301,301,302,302,301,302,302,302,302,302,302,302,302,302,302,302,303,303,303,305,303,302,303,303,304,304,304,304,303,303,303,303,306,303,305,303,303,302,303,303,298,298,298,298,298,297,297,297,297,297,297,296,297,297,297,296,296,296,296,297,296,297,297,297,297,297,297,297,297,297,296,298,296,296,296,296,296,296,296,296,267,266,267,266,267,266,267,266,266,266,266,266,265,266,266,265,266,265,265,265,265,265,265,265,265,265,265,266,266,265,266,266,266,266,266,266,266,266,267,266,266,267,267,267,267,267,268,267,268,268,268,268,269,268,269,269,269,269,270,269,269,269,270,270,270,270,270,270,270,269,270,270,269,270,270,269,270,270,270,269,270,269,269,270,269,269,269,269,270,269,269,268,269,268,269,268,268,268,268,268,267,267,267,267,267,267,266,266,266,268,266,266,267,266,266,266,267,-1,-1,-1,-1,-1,-1,-1,-1,-1,-1,-1,-1,-1,313,312,-1,311,312,-1
49.493813,-1,-1,-1,-1,-1,-1,-1,-1,-1,-1,-1,-1,-1,-1,-1,-1,-1,-1,-1,-1,-1,-1,301,301,301,301,301,301,302,301,302,301,302,301,302,302,302,302,301,302,301,301,301,301,302,301,302,301,301,301,300,299,299,298,297,298,297,298,297,297,296,296,296,296,296,296,296,297,296,296,296,296,296,296,296,296,296,297,296,296,-1,296,296,296,296,-1,296,296,297,-1,296,295,296,296,296,296,296,296,268,268,268,268,268,268,268,268,267,267,267,267,266,267,267,267,267,267,267,267,267,267,267,267,267,267,266,267,267,266,266,265,266,266,266,267,266,266,267,267,267,267,267,267,267,267,267,267,267,267,268,267,266,266,267,267,267,268,268,270,269,269,269,269,269,270,270,270,270,269,270,269,269,270,269,269,270,270,270,270,270,272,270,270,270,270,271,270,270,270,270,271,270,270,270,270,270,269,269,269,269,268,268,268,268,267,268,267,267,268,267,267,267,267,267,267,266,267,266,266,264,265,265,265,-1,-1,-1,-1,-1,-1,-1,-1,-1,-1,-1,-1,-1,-1,-1,-1,-1,-1
50.618671,-1,-1,-1,-1,-1,-1,-1,-1,-1,-1,-1,-1,-1,-1,-1,-1,-1,-1,-1,-1,301,300,300,301,300,300,299,299,301,299,299,299,298,298,298,298,299,298,298,298,298,297,297,297,297,297,297,297,297,297,-1,-1,-1,-1,-1,-1,-1,-1,-1,-1,-1,-1,-1,-1,-1,-1,-1,-1,-1,-1,-1,-1,-1,-1,-1,-1,-1,-1,-1,-1,-1,-1,-1,-1,-1,-1,-1,-1,-1,-1,-1,269,-1,269,269,269,269,269,269,269,269,269,268,268,269,269,268,268,268,268,268,268,268,268,267,267,268,267,268,267,267,267,268,268,268,267,267,267,267,267,267,267,267,268,267,268,267,268,268,268,268,268,268,268,268,268,268,268,267,267,268,267,267,268,267,268,268,268,268,270,268,268,269,269,269,269,270,270,269,270,269,269,270,269,270,270,270,270,270,270,271,271,271,271,272,270,271,271,270,270,270,270,270,270,269,269,269,268,269,269,268,268,268,267,267,267,266,267,266,266,266,265,266,266,265,265,264,264,264,264,264,264,264,-1,-1,-1,-1,-1,-1,-1,-1,-1,-1,-1,-1,-1,-1,-1,-1,-1
51.743530,-1,-1,-1,-1,-1,-1,-1,-1,-1,-1,-1,-1,-1,-1,-1,-1,-1,-1,300,300,299,299,298,299,299,299,299,299,-1,-1,-1,-1,-1,-1,-1,-1,-1,-1,-1,-1,-1,-1,-1,-1,-1,-1,-1,-1,-1,-1,-1,-1,-1,-1,-1,-1,-1,-1,-1,-1,-1,-1,-1,-1,-1,-1,-1,-1,-1,-1,-1,-1,-1,-1,-1,-1,-1,-1,-1,-1,-1,-1,-1,-1,-1,-1,-1,-1,269,-1,-1,270,270,270,270,269,270,270,270,270,270,270,270,270,270,270,270,269,270,269,270,269,269,269,270,269,268,269,269,269,269,268,268,268,268,268,268,268,268,269,269,269,269,269,268,269,269,269,269,269,269,269,269,268,268,269,268,269,269,269,269,269,269,269,269,269,269,269,268,269,269,270,270,270,270,270,271,270,270,270,271,270,271,270,271,271,271,271,271,271,271,271,271,271,271,271,270,270,270,269,270,270,270,269,269,269,269,269,268,268,268,268,267,267,267,266,266,266,265,266,264,265,264,264,264,264,263,264,262,263,262,262,263,-1,-1,-1,-1,-1,-1,-1,-1,-1,-1,-1,-1,-1,-1,-1,-1,-1
52.868393,-1,-1,-1,-1,-1,-1,-1,-1,-1,-1,-1,-1,-1,-1,-1,-1,-1,-1,-1,-1,-1,-1,-1,-1,-1,-1,-1,-1,-1,-1,-1,-1,-1,-1,-1,-1,-1,-1,-1,-1,-1,-1,-1,-1,-1,-1,-1,-1,-1,-1,-1,-1,-1,-1,-1,-1,-1,-1,-1,-1,-1,-1,-1,-1,-1,-1,-1,-1,-1,-1,-1,-1,-1,-1,-1,-1,-1,-1,-1,-1,-1,-1,-1,-1,270,270,270,270,270,270,270,272,270,272,270,272,270,270,270,272,270,270,270,271,271,270,270,271,270,269,270,270,270,270,270,272,270,270,270,269,270,270,270,270,270,270,269,270,270,270,270,270,270,270,269,270,270,270,270,270,270,270,270,270,270,270,270,270,270,270,270,270,270,270,270,270,270,270,270,271,271,271,271,271,272,272,272,272,272,272,272,272,272,272,271,271,271,272,272,271,271,271,271,271,270,270,270,270,270,269,269,270,269,269,268,268,268,267,268,267,267,266,266,266,265,265,265,265,265,264,264,264,263,264,263,263,262,262,262,261,261,261,261,261,317,-1,-1,-1,-1,-1,-1,-1,-1,-1,-1,-1,-1,-1,-1,-1
53.993252,-1,-1,-1,-1,-1,-1,-1,-1,-1,-1,-1,-1,-1,-1,-1,-1,-1,-1,-1,-1,-1,-1,-1,-1,-1,-1,-1,-1,-1,-1,-1,-1,-1,-1,-1,-1,-1,-1,-1,-1,-1,-1,-1,-1,-1,-1,-1,-1,-1,-1,-1,-1,-1,-1,-1,-1,-1,-1,-1,-1,-1,-1,-1,-1,-1,-1,-1,-1,-1,-1,-1,-1,-1,-1,-1,-1,-1,-1,-1,-1,-1,-1,270,270,269,269,270,269,272,272,269,270,270,270,270,270,270,270,271,271,271,271,271,271,271,270,273,270,270,270,272,271,271,272,271,271,271,271,271,270,271,271,271,271,271,271,271,271,271,271,271,271,272,272,271,272,272,272,272,271,271,272,272,272,272,272,272,272,272,272,272,272,272,272,272,272,272,272,273,273,273,273,273,273,273,273,272,272,272,272,278,279,280,279,271,271,270,270,270,270,269,269,269,269,269,268,268,268,268,268,267,267,267,266,267,266,265,265,265,264,265,264,265,264,263,263,264,263,263,263,262,263,262,262,262,262,261,261,260,261,260,261,260,317,317,-1,-1,-1,-1,315,-1,-1,-1,-1,-1,-1,-1,-1,-1,-1
55.118111,-1,-1,-1,-1,-1,-1,-1,-1,-1,-1,-1,-1,-1,-1,-1,-1,-1,-1,-1,-1,-1,-1,-1,-1,-1,-1,-1,-1,-1,-1,-1,-1,-1,-1,-1,-1,-1,-1,-1,-1,-1,-1,-1,-1,-1,-1,-1,-1,-1,-1,-1,-1,-1,-1,-1,-1,-1,-1,-1,-1,-1,-1,-1,-1,-1,-1,-1,-1,-1,-1,-1,-1,-1,-1,-1,-1,-1,-1,-1,-1,-1,269,270,270,270,270,270,272,272,269,270,270,269,270,270,269,270,270,270,270,270,273,273,273,273,270,270,273,273,270,273,273,270,272,271,271,273,272,272,272,272,272,272,273,273,272,272,273,273,273,273,273,273,273,273,273,273,273,273,272,273,273,273,274,273,273,274,273,273,273,273,273,274,273,273,273,274,273,273,273,273,273,273,272,272,272,271,271,271,271,270,270,270,269,269,269,268,268,268,268,268,267,267,267,267,267,267,267,265,266,265,265,265,265,265,265,264,265,264,264,264,263,263,263,263,263,262,262,262,262,262,262,261,261,260,261,260,260,261,259,259,259,258,258,259,259,-1,-1,315,-1,-1,-1,-1,-1,-1,-1,-1,-1,-1,-1